{
  "generated_at": "2026-06-02T18:56:31.812034+00:00",
  "results": [
    {
      "attack_name": "edge_addition",
      "budget": 0.01,
      "n_graphs": 20,
      "clean_mean": 0.47691677808761596,
      "clean_std": 0.00206031838066497,
      "attacked_mean": 0.47691319435834884,
      "attacked_std": 0.002131229474182489,
      "delta_mean": -3.5837292671203613e-06,
      "delta_std": 0.0003737778619106703,
      "flip_rate": 0.0,
      "threshold": 0.47,
      "clean_f1": 0.4615384615384615,
      "clean_precision": 0.3,
      "clean_recall": 1.0,
      "attacked_f1": 0.4615384615384615,
      "attacked_precision": 0.3,
      "attacked_recall": 1.0,
      "f1_drop": 0.0,
      "precision_drop": 0.0,
      "recall_drop": 0.0
    },
    {
      "attack_name": "edge_addition",
      "budget": 0.05,
      "n_graphs": 20,
      "clean_mean": 0.47691677808761596,
      "clean_std": 0.00206031838066497,
      "attacked_mean": 0.47714671194553376,
      "attacked_std": 0.002100469950972349,
      "delta_mean": 0.00022993385791778565,
      "delta_std": 0.0004936603170919337,
      "flip_rate": 0.0,
      "threshold": 0.47,
      "clean_f1": 0.4615384615384615,
      "clean_precision": 0.3,
      "clean_recall": 1.0,
      "attacked_f1": 0.4615384615384615,
      "attacked_precision": 0.3,
      "attacked_recall": 1.0,
      "f1_drop": 0.0,
      "precision_drop": 0.0,
      "recall_drop": 0.0
    },
    {
      "attack_name": "edge_addition",
      "budget": 0.1,
      "n_graphs": 20,
      "clean_mean": 0.47691677808761596,
      "clean_std": 0.00206031838066497,
      "attacked_mean": 0.47678154408931733,
      "attacked_std": 0.0018450509588515806,
      "delta_mean": -0.00013523399829864501,
      "delta_std": 0.0011246418313123098,
      "flip_rate": 0.0,
      "threshold": 0.47,
      "clean_f1": 0.4615384615384615,
      "clean_precision": 0.3,
      "clean_recall": 1.0,
      "attacked_f1": 0.4615384615384615,
      "attacked_precision": 0.3,
      "attacked_recall": 1.0,
      "f1_drop": 0.0,
      "precision_drop": 0.0,
      "recall_drop": 0.0
    },
    {
      "attack_name": "edge_addition",
      "budget": 0.25,
      "n_graphs": 20,
      "clean_mean": 0.47691677808761596,
      "clean_std": 0.00206031838066497,
      "attacked_mean": 0.47673344761133196,
      "attacked_std": 0.002157377177773865,
      "delta_mean": -0.0001833304762840271,
      "delta_std": 0.0015345187185716585,
      "flip_rate": 0.0,
      "threshold": 0.47,
      "clean_f1": 0.4615384615384615,
      "clean_precision": 0.3,
      "clean_recall": 1.0,
      "attacked_f1": 0.4615384615384615,
      "attacked_precision": 0.3,
      "attacked_recall": 1.0,
      "f1_drop": 0.0,
      "precision_drop": 0.0,
      "recall_drop": 0.0
    },
    {
      "attack_name": "edge_addition",
      "budget": 0.5,
      "n_graphs": 20,
      "clean_mean": 0.47691677808761596,
      "clean_std": 0.00206031838066497,
      "attacked_mean": 0.4767830118536949,
      "attacked_std": 0.0016954399652326661,
      "delta_mean": -0.00013376623392105102,
      "delta_std": 0.0017921276359964629,
      "flip_rate": 0.0,
      "threshold": 0.47,
      "clean_f1": 0.4615384615384615,
      "clean_precision": 0.3,
      "clean_recall": 1.0,
      "attacked_f1": 0.4615384615384615,
      "attacked_precision": 0.3,
      "attacked_recall": 1.0,
      "f1_drop": 0.0,
      "precision_drop": 0.0,
      "recall_drop": 0.0
    },
    {
      "attack_name": "edge_deletion",
      "budget": 0.01,
      "n_graphs": 20,
      "clean_mean": 0.47691677808761596,
      "clean_std": 0.00206031838066497,
      "attacked_mean": 0.4768177196383476,
      "attacked_std": 0.002099207287412771,
      "delta_mean": -9.905844926834106e-05,
      "delta_std": 0.0004310446885591003,
      "flip_rate": 0.0,
      "threshold": 0.47,
      "clean_f1": 0.4615384615384615,
      "clean_precision": 0.3,
      "clean_recall": 1.0,
      "attacked_f1": 0.4615384615384615,
      "attacked_precision": 0.3,
      "attacked_recall": 1.0,
      "f1_drop": 0.0,
      "precision_drop": 0.0,
      "recall_drop": 0.0
    },
    {
      "attack_name": "edge_deletion",
      "budget": 0.05,
      "n_graphs": 20,
      "clean_mean": 0.47691677808761596,
      "clean_std": 0.00206031838066497,
      "attacked_mean": 0.4769355431199074,
      "attacked_std": 0.0018959487867263862,
      "delta_mean": 1.8765032291412353e-05,
      "delta_std": 0.0006766543145293862,
      "flip_rate": 0.0,
      "threshold": 0.47,
      "clean_f1": 0.4615384615384615,
      "clean_precision": 0.3,
      "clean_recall": 1.0,
      "attacked_f1": 0.4615384615384615,
      "attacked_precision": 0.3,
      "attacked_recall": 1.0,
      "f1_drop": 0.0,
      "precision_drop": 0.0,
      "recall_drop": 0.0
    },
    {
      "attack_name": "edge_deletion",
      "budget": 0.1,
      "n_graphs": 20,
      "clean_mean": 0.47691677808761596,
      "clean_std": 0.00206031838066497,
      "attacked_mean": 0.476823465526104,
      "attacked_std": 0.002143339954422436,
      "delta_mean": -9.331256151199341e-05,
      "delta_std": 0.001095882597874024,
      "flip_rate": 0.0,
      "threshold": 0.47,
      "clean_f1": 0.4615384615384615,
      "clean_precision": 0.3,
      "clean_recall": 1.0,
      "attacked_f1": 0.4615384615384615,
      "attacked_precision": 0.3,
      "attacked_recall": 1.0,
      "f1_drop": 0.0,
      "precision_drop": 0.0,
      "recall_drop": 0.0
    },
    {
      "attack_name": "edge_deletion",
      "budget": 0.25,
      "n_graphs": 20,
      "clean_mean": 0.47691677808761596,
      "clean_std": 0.00206031838066497,
      "attacked_mean": 0.47675382196903227,
      "attacked_std": 0.0016436706502994166,
      "delta_mean": -0.0001629561185836792,
      "delta_std": 0.0016187566403286498,
      "flip_rate": 0.0,
      "threshold": 0.47,
      "clean_f1": 0.4615384615384615,
      "clean_precision": 0.3,
      "clean_recall": 1.0,
      "attacked_f1": 0.4615384615384615,
      "attacked_precision": 0.3,
      "attacked_recall": 1.0,
      "f1_drop": 0.0,
      "precision_drop": 0.0,
      "recall_drop": 0.0
    },
    {
      "attack_name": "edge_deletion",
      "budget": 0.5,
      "n_graphs": 20,
      "clean_mean": 0.47691677808761596,
      "clean_std": 0.00206031838066497,
      "attacked_mean": 0.4769476860761642,
      "attacked_std": 0.001962336237702646,
      "delta_mean": 3.0907988548278806e-05,
      "delta_std": 0.0024059410126849486,
      "flip_rate": 0.0,
      "threshold": 0.47,
      "clean_f1": 0.4615384615384615,
      "clean_precision": 0.3,
      "clean_recall": 1.0,
      "attacked_f1": 0.4615384615384615,
      "attacked_precision": 0.3,
      "attacked_recall": 1.0,
      "f1_drop": 0.0,
      "precision_drop": 0.0,
      "recall_drop": 0.0
    },
    {
      "attack_name": "node_injection",
      "budget": 0.01,
      "n_graphs": 20,
      "clean_mean": 0.47691677808761596,
      "clean_std": 0.00206031838066497,
      "attacked_mean": 0.4769827976822853,
      "attacked_std": 0.001940255755515745,
      "delta_mean": 6.601959466934204e-05,
      "delta_std": 0.00046190119203747584,
      "flip_rate": 0.0,
      "threshold": 0.47,
      "clean_f1": 0.4615384615384615,
      "clean_precision": 0.3,
      "clean_recall": 1.0,
      "attacked_f1": 0.4615384615384615,
      "attacked_precision": 0.3,
      "attacked_recall": 1.0,
      "f1_drop": 0.0,
      "precision_drop": 0.0,
      "recall_drop": 0.0
    },
    {
      "attack_name": "node_injection",
      "budget": 0.05,
      "n_graphs": 20,
      "clean_mean": 0.47691677808761596,
      "clean_std": 0.00206031838066497,
      "attacked_mean": 0.4767945185303688,
      "attacked_std": 0.0020116988515976072,
      "delta_mean": -0.00012225955724716188,
      "delta_std": 0.0006177201167810658,
      "flip_rate": 0.0,
      "threshold": 0.47,
      "clean_f1": 0.4615384615384615,
      "clean_precision": 0.3,
      "clean_recall": 1.0,